类别,指标,数值,单位,时间口径,来源性质,原文图/段,备注
规模,中国数据中心在运 IT 容量,24+,GW,2026 年底,原文,图1,"跟踪 1,000+ 设施、60+ 运营商"
规模,中国有日期的在建/规划管线,~20,GW,2026-09,原文,正文,不含公告类项目
规模,中国已公告项目（无日期）,~30,GW,2026-09,原文,正文,
规模,美国在运 IT 容量,56,GW,2026 年底,原文,图1,北美合计 58 GW
规模,亚太（除中国）在运 IT 容量,~15,GW,2026 年底,原文,图1,
规模,欧洲/中东/非洲在运 IT 容量,~14,GW,2026 年底,原文,图1,
规模,拉美在运 IT 容量,~2,GW,2026 年底,原文,图1,
规模,运营商（移动/电信/联通）占全国容量,约 1/3,比例,2026,原文,正文+图6,2010 年代曾占 60–70%
规模,运营商占存量比例（读图）,~55% → ~30%,比例,2018 → 2026,读图,图6,
规模,全国年度净新增容量（读图）,0.75 / 0.95 / 1.8 / 2.6 / 2.2 / 1.9 / 2.9 / 3.7 / 4.9 / 6.9,GW,2018–2027,读图,图6,2022–23 为消化期
租户,字节跳动在国内已交付容量中的占比,约 1/5,比例,2026,原文,正文,几乎全部为租赁
租户,字节跳动国内容量（读图）,~5.35（自建 ~0.25）,GW,2026 年底,读图,图13,
租户,阿里巴巴国内容量（读图）,~3.9（自建 ~1.15）,GW,2026 年底,读图,图13,自建 + BOT + 批发租赁混合
租户,腾讯国内容量（读图）,~2.35（自建 ~1.05）,GW,2026 年底,读图,图13,
租户,百度国内容量（读图）,~1.05（自建 ~0.37）,GW,2026 年底,读图,图13,
租户,华为国内容量（读图）,~0.95（几乎全部自建）,GW,2026 年底,读图,图13,
租户,五大厂合计国内容量（读图）,~13.6,GW,2026 年底,推算,图13,约占全国 24 GW 的 57%
租户,五大厂合计国内容量（读图）,~7.3 / ~10 / ~13.5 / ~17 / ~19.5,GW,2024 / 2025 / 2026 / 2027 / 2028,读图,图3,预测仅含在建/有日期规划
租户,中国云厂商海外租赁容量,~4（2026→2029 翻倍）,GW,2029,原文,正文,不含向西方云租用的数十万 GPU
资本开支,阿里 + 腾讯 + 百度 2Q26 合计资本开支,20,十亿美元,2Q26,原文,图2,同比翻倍以上；三家首次同时自由现金流为负（合计约 -100 亿美元）
资本开支,阿里巴巴 2Q26 资本开支,10（¥68B）,十亿美元,2Q26,原文,图2,同比 +75%
资本开支,腾讯 2Q26 资本开支,8（¥53B）,十亿美元,2Q26,原文,图2,同比 +176%
资本开支,百度 2Q26 资本开支,1.6（¥11B）,十亿美元,2Q26,原文,图2,同比约 3 倍
资本开支,字节/阿里/腾讯/百度合计年度资本开支,~35 / >50 / ~100（轨迹）,十亿美元,2024 / 2025 / 2026,原文,正文,
资本开支,阿里/腾讯/百度年度资本开支峰值与低谷（读图）,~12.4 / ~8.1,十亿美元,2021 / 2023,读图,图5,2023 年约为 2021 年峰值的 2/3
资本开支,国家电网与南方电网 十五五 投资,>746（¥5T）,十亿美元,2026–2030,原文,正文,比十四五高 40%；十四五超计划 24%
利用率,世纪互联整体利用率,mid-70% → mid-50%,比例,2010 → 2022,原文,图4,
利用率,世纪互联批发业务利用率,73.9,%,2026-06-30,原文,图4,AI 需求填满批发园区
利用率,世纪互联零售业务利用率,64.5,%,2026-06-30,原文,图4,头部厂商约 60%，全国平均更低
利用率,全国整体利用率（口径）,~50,%,2026,原文,正文,历史零售存量拖累
利用率,一线城市周边零售存量利用率,30–50,%,2026,原文,正文,多数难以改造到 AI 功率密度
价格,纯电力批发价格,~80 → 约减半,美元/kW/月,2022 前 → 现在,原文,正文,万国数据（2026-08 业绩会）称还需约 18 个月消化
订单,万国数据 + 世纪互联批发签约,~1.3,GW,1H26,原文,正文,零售签约 <10 MW
订单,万国数据 + 世纪互联获得字节与阿里订单的份额,约 1/3,比例,2024–2026 年至今,原文,正文,其余流向未上市运营商与自建
订单,万国数据 AI 大单交付期,152 MW / 6 个月,—,2025 年初,原文,正文,
建设,100 MW 设施标准交付周期,~18 → ~12,月,云时代 → AI 时代,原文,正文,
建设,中国施工前审批周期,3–6,月,2026,原文,正文,东数西算枢纽更快；美国约 12–13 个月
建设,阿里 CUBE 5.0 机电周期,100（30 天工厂 + 50 天安装 + 20 天调试）,天,2026,原文,正文,从开工到投运约 7–9 个月；成本再降 10% 以上
建设,美国最佳全模块化建设周期,12–18（另加 12–13 个月审批）,月,2026,原文,正文,
成本,100 MW 主机楼与机电成本（不含 IT，读图）,~390 / ~290 / ~1470,百万美元,中国 2021 / 中国 2026 / 美国 2026,读图,图12,中国自 2021 年下降约 26%；美国约为中国 5 倍
成本,每 MW 建设成本（推算）,~2.9 / ~14.7,百万美元/MW,中国 2026 / 美国 2026,推算,图12,不含 IT 设备
政策,能耗审查门槛,>1 万吨标准煤（约 >10 MW）,—,自 2010 年,原文,正文,未通过不得开工
政策,腾讯清远两园区超批建设,13–14 倍于批复规模,—,2023 年中,原文,图8,广东省能源局要求 6 个月内整改；电网按批复供电
网络,韶关网络投资,~600（¥4B）,百万美元,2022 年起,原文,正文,13 条 400G 全光路由
网络,韶关单向时延,1.3 / 1.66 / <3,ms,至广州 / 深圳 / 香港,原文,正文,深圳–广州–韶关空芯光纤走廊规划 2027 年起再降约 30%
选址,内蒙古电价,约为一线城市的一半,—,2026,原文,正文,蒙西电网独立定价；被称为中国的柔佛
选址,山西承诺容量,~2,GW,2026,原文,正文,"字节、百度、京东；不在东数西算枢纽内"
选址,字节自建集群,大同 / 芜湖 / 和林格尔 + 乌兰察布 / 中卫（2026-07 注册两家主体）,—,2026,原文,正文,
需求,豆包月活,345,百万,2026,原文,正文,
需求,中国互联网渗透率与增速,~80% / ~1.5%/年,—,2026,原文,正文,
需求,阿里云海外营收占比,~20,%,2026,原文,正文,运营商云约 100% 国内
需求,微信月活增速 / 百度营收 / 阿里客户管理收入 / 快手日活增速,+2% / -3% / -7% / +2.7%,同比,2025 / 2025 / 截至 2026-06 的季度 / 2025,原文,正文,
BOT,BOT 模式服务合同期,8–10,年,—,原文,正文,"阿里-AtHub、腾讯-科华数据、百度-奥飞"
